{
    "name" : "chrono16",
    "title": "Chronological border 16th Century",

    "markers": [{"id" : "red", "color": "red", "icon": "fa-star", "theme": "Plant"}],

    "image": {"src" : "chronological-c16.jpg"},

    "items": [{ "id": 401, "description": "Geranium Macrorrhizum", "pixel": [197, 411], "marker": "red"},
              { "id": 402, "description": "Lychnis Chalcedonica", "pixel": [436, 345], "marker": "red"}],

    "prevMap": "map1",

    "zoom": {"min" : 1, "max": 3, "start": 0},
    "sizes": {"min": 1.0, "max": 2.5, "threshold": 0.9},
    "layer": 1,
    "metaData": {"index": [400]}
}