{
    "name"   : "map1",
    "title"  : "Gardens & River Walk",
    "markers": [{"id" : "green", "color": "green", "icon": "fa-star", "theme": "Botanics Trail"},
              {"id" : "historical", "color": "blue", "icon": "fa-eye", "theme": "Historical Site"},
              {"id" : "toilets", "color": "red", "icon": "fa-toilets", "theme": "Toilets"},
              {"id" : "playground", "color": "red", "icon": "fa-child", "theme": "Playground"},
              {"id" : "cafe", "color": "red", "icon": "fa-coffee", "theme": "Cafe"},
              {"id" : "blue", "color": "blue", "icon": "fa-eye", "theme": "Botanics Trail"},
              {"id" : "news", "color": "blue", "icon": "fa-bullseye", "theme": "What's New"}
    ],
    "provider"    : "mapnik",
    "showLocation" : true,
    "image"  : {"src" : "botanics1200optpsCOL.png",
                "locates": [
                    {
                        "pixel": [0.0, 0.0],
                        "latlng": [55.881846736578304, -4.293551445007324],
                        "tag": "nw corner"
                    },
                    {
                        "pixel": [1200.0, 0.0],
                        "latlng": [55.879614344497924, -4.286578421624719],
                        "tag": "ne corner"
                    },
                    {
                        "pixel": [1200.0, 650.0],
                        "latlng": [55.8774956100752, -4.288734197616577],
                        "tag": "se corner"
                    },
                    {
                        "pixel": [0.0, 650.0],
                        "latlng": [55.879728123990134, -4.295707220999184],
                        "tag": "sw corner"
                    }
                ]
    },
    "items": [{ "id": 1,  "description": "Curator's House", "pixel": [878, 224], "marker": "historical"},
              { "id": 2,  "description": "Peter Walker Memorial", "pixel": [903, 329]},
              { "id": 3,  "description": "Main Range of Glasshouses", "pixel": [755, 347]},
              { "id": 81, "description": "Hopkirk Building", "pixel": [691,314]},
              { "id": 80, "description": "Filmy Fern House", "pixel": [744,234]},
              { "id": 4,  "description": "Sundial", "pixel": [880, 359],  "marker": "blue"},
              { "id": 5,  "description": "Kibble Palace", "pixel": [980, 363]},
              { "id": 6,  "description": "Main Gates", "text":  "There's an ice cream stand here in the summer.", "pixel": [1001, 590]},
              { "id": 7,  "description": "Weeping Ash", "pixel": [775, 487]},
              { "id": 8,  "description": "Botanic Garden Station (disused)", "pixel": [758 , 536]},
              { "id": 9,  "description": "New Herb Garden", "pixel": [463, 536]},
              { "id": 10, "description": "Herbaceous Border", "pixel": [477, 446]},
              { "id": 11, "description": "Chronological Border", "pixel": [269, 486]},
              { "id": 12, "description": "Flagpole", "pixel": [299, 356]},
              { "id": 13, "description": "World Rose Garden", "pixel": [428, 375]},
              { "id": 14, "description": "Memorial Plaques", "pixel": [333, 287]},
              { "id": 15, "description": "Kirklee Gate.", "text": "You can park here if you like.  No cost as its residential.", "pixel": [6, 42]},
              {           "description": "Margaret Drive Gate", "pixel": [1140, 243]},
              { "id": 50, "description": "Toilets.", "text":  "Disabled and nursing.  Open 9:00-4:45 in summer, 9:00-4:15 winter", "pixel": [1111, 209], "marker": "toilets"},
              { "id": 51, "description": "Cafe.", "text":  "Cafe in the Botanics", "pixel": [939, 239], "marker": "cafe"},
              { "id": 52, "description": "Playground.", "text":  "Children's Playground", "pixel": [241, 254], "marker":"playground"},
              { "id": 16, "description": "Arboretum", "latlng": [55.883429,-4.289101]},
              { "id": 17, "description": "Garrioch Footbridge", "latlng": [55.88417,-4.289775]},
              { "id": 19, "description": "Kirklee Bridge", "latlng": [55.882611,-4.289905]},
              { "id": 20, "description": "Kelvin Walkway", "latlng": [55.882136,-4.29056]},
              { "id": 21, "description": "Halfpenny Bridge House", "latlng": [55.882136,-4.29056]},
              { "id": 22, "description": "Halfpenny Bridge", "latlng": [55.88157,-4.29203]},
              { "id": 23, "description": "Queen Margaret Bridge", "latlng": [55.879572,-4.286236]},
              { "id": 24, "description": "Old Queen Margaret Bridge", "latlng": [55.878747,-4.284552]},
              { "id": 25, "description": "Flint Mill Bridge", "latlng": [55.877863,-4.281332]},
              { "id": 26, "description": "Belmont Street Bridge", "latlng": [55.877556,-4.279623]},
              { "id": 27, "description": "North Woodside Flint Mill", "latlng": [55.877964,-4.281943]},
              { "id": 28, "description": "Weir and Mill Lade", "latlng": [55.878468,-4.283945]},
              { "id": 29, "description": "Humpback Bridge", "latlng": [55.879873,-4.287989]}],
    "zoom"  : {"min" : 16, "max": 18, "start": 17},
    "sizes" : {"min": 0.5, "max": 2.0, "threshold": 1.0} ,
    "bounds": {"tl": [55.884759,-4.294045], "br": [55.877300, -4.279425]},
    "nextMap": "map2"
}