{"id":202,"title":"Main Range of Glasshouses (1883)","guideName":"cilogi-sample","image":"main-range.jpg","pageLinks":[],"metaData":{"tag":["trail"]},"etag":"d324bd311b22746bebb08ba300445278","text":"These Victorian Glasshouses were originally built in\nBurma teak in the early 1880s and house a wide range\nof tropical plants, including orchids, ferns, cacti and\nsucculents, palms, begonias, plants used in commerce\nand aquatics. A phased restoration of this 'B' listed\nbuilding began with the palm house in 1988 using steel\nand aluminium, followed by the remaining houses with\nthe west wing completing the restoration to its original\ndesign in 2004. In 2005 the City Council installed a\nmemorial to Her Majesty Queen Elizabeth the Queen\nMother in the west wing."}