{"id":200,"title":"Opening Times","guideName":"demo-guide","image":"kibble-roof.jpg","pageLinks":[],"metaData":{"tag":["info"]},"shortURL":"http://goo.gl/StWCLu","etag":"7b9f835b504a781264ca2f1b33c3d70b","text":"The Botanic Gardens are open from 7.00am till dusk daily however the specific\nfacilities within the park are subject to opening times.\n \n[Glasshouses:](map/map1.html?id=3) 10.00am – 6.00pm (4.15pm in winter)\n \n[Visitor Centre:](map/map1.html?id=1) 11.00am – 4.00pm\n\n[Toilets:](map/map1.html?id=50) 10.00am – dusk (this varies through the year)"}