{"id":201,"title":"Getting Here","guideName":"demo-guide","pageLinks":[],"metaData":{"tag":["info"]},"shortURL":"http://goo.gl/6yJiSb","etag":"b97d72231ab42b1c07cf27e20bcc2eb9","text":"You can get direction from [Google Maps](http://maps.google.com/?daddr=55.879704,-4.29117)\n\nBy tube go to Hillhead underground station and turn right out of the station on\nto Byres Road. Information from the [SPT](http://www.spt.co.uk/subway/).\n\nVarious bus lines, see [First Glasgow](http://www.firstgroup.com/ukbus/glasgow/journey_planning/maps/)\nfor details.\n\nCar parking is available off Byres road and in the [Ford Road Gate](map/map1.html?id=15\") area.\n\n[Map showing access](/map/gettingHere)"}