{"id":0,"title":"Glasgow Botanic Gardens","guideName":"botanics-online","image":"botanic-flower.jpg","pageLinks":[{"type":"page","value":"200"},{"type":"page","value":"201"},{"type":"map","value":"map1"},{"type":"page","value":"300"},{"type":"page","value":"600"},{"type":"page","value":"5"},{"type":"tour","value":"botanics-trail"},{"type":"url","value":"search.html"},{"type":"page","value":"202"},{"type":"page","value":"203"}],"metaData":{"index":["0"],"listview":["true"],"background":["botanic-flower.jpg"]},"etag":"d41d8cd98f00b204e9800998ecf8427e","text":""}