{"id":1,"title":"Curator's House/Visitor Centre (1840)","guideName":"botanics-online","image":"curators-house.jpg","pageLinks":[],"metaData":{"index":["1"],"tag":["trail"]},"etag":"0eb023ac8a6e3724de441fb01ecfdabf","text":"The 'B' listed Curators House was built in 1840, and is still known by\nthis name. Designed by [Charles Wilson][1], a central\nfigure in the development of Glasgow's architecture and town planning\nin the mid 19th century, the house is an asymmetrical 2-storey villa\nwith single storey wing and conservatory to the west standing in its\nown fenced garden.\n\nTwo of the ground floor rooms are currently used for interpretative\ndisplays and art exhibitions. the other rooms form part of the\nGardens' Library and Herbarium.  Members of staff, apprentices and\nvisiting professional botanists and horticulturists are welcome to use the\nlibrary on request.\n\n[Charles Wilson][1] is buried\nin the [Southern Necropolis][2] and his\nObelisk is a feature of the\n[Southern Necropolis Heritage Trail][3].\n\n[1]: /wiki.html?target=Charles_Wilson_(Scottish_architect)\n[2]: /wiki/Southern_Necropolis\n[3]: http://www.southernnecropolis.co.uk/SN_final.pdf)"}