{"id":1002,"title":"Begonia tomentosa","guideName":"demo-guide","image":"begonia-tomentosa.jpg","pageLinks":[],"metaData":{"index":["1002"],"tag":["begonia"]},"etag":"81712cc4235e073394a0d99d902441d0","text":"This bushy begonia has attractive foliage with felt-like leaves. The\nmany flowers are pink with white edges and red hairs, blooming in\nMay. Stemming is upright and zig-zag between the nodes. Pinching tips\nand pruning outer stems in the growing season gives a bushier plant,\ngood for hanging. This plant enjoys filtered light but can take some\nsun in winter. Soil should ideally be moist."}