{"id":103,"title":"Begonias","guideName":"demo-guide","image":"begonia-ulmifolia.jpg","pageLinks":[],"metaData":{"index":["103"]},"etag":"410b8e9f1afb020ddb6663987d05071a","text":"About 1000 begonia species are found growing wild in the tropics and\nsub-tropics of the world.  In addition the creation of many hybrids\nhas greatly increased the variety of begonias in cultivation.  they\nvary in size from dwarf up to giants with woody stems 6m tall.\n\nAlthough many prefer shady conditions, especially those grown for\ntheir beautiful leaves, others thrive in bright light.  Begonia leaves\nare usually asymmetrical, with one side longer then the other.  The\nflowers are separately male and female on the same plant and may\ndiffer in size.  The National Collection of Begonias which is grown\nhere in the Botanic Gardens, illustrates their diversity."}