{"id":11,"title":"Chronological Border","guideName":"demo-guide","image":"chronological-border.jpg","pageLinks":[],"metaData":{"index":["11"],"tag":["trail"]},"etag":"8a71937582a3635fff1c82fcb6cdb0c8","text":"This border was laid out in 1962 to show when popular garden plants\nwere first introduced to British Gardens.  \n\nThe plants are grouped in beds, one from each century from the 16th to\nthe 20th Century, and the actual year of introduction is given on the\nlabels.\n\nThe majority of the 16th Century introductions came from Southern\nEurope and the Mediterranean region but as explorers opened up new\nareas in succeeding centuries, the plants came from further afield. It\nis one of only two such borders in British Botanic Gardens the other\nbeing [Cambridge Botanic Gardens][1].\n\n[The 16th Century Border in Detail](../../diagrams/chrono16.html)\n\n\n[1]: http://www.botanic.cam.ac.uk/Botanic/TrailPlace.aspx?p=27&ix=9&pid=0&prcid=0&ppid=0"}