{"id":12,"title":"Flag Pole","guideName":"demo-guide","image":"flag-pole.jpg","pageLinks":[],"metaData":{"index":["12"],"tag":["trail"]},"etag":"614875affc447fef3e3b490b380f1641","text":"When the original Douglas fir flagpole failed its replacement was\nselected and stored, but when work began to craft it, it was found to\nbe rotten. The current flagpole and weather vane which marks the\nhighest part of the gardens dates from 1991 and is a metal street\nlighting pole fitted with guys to create the illusion of a traditional\ntimber pole."}