{"id":13,"title":"World Rose Garden","guideName":"demo-guide","image":"rose-garden.jpg","pageLinks":[],"metaData":{"index":["13"],"tag":["trail"]},"etag":"af04d139fd1f114356170e40b9c5b5a6","text":"This World Rose Garden was designed and created for the World Rose\nConvention in 2003. The wooden gazebo and pergolas were constructed in\n2000 as part of the design. The garden interprets the 'Rose in\nHistory', Wild Roses', the 'Rose in Britain' and the 'Use of the\nRose'. The Garden was opened on 24th July 2003 by the President of the\nRose Society in Japan, Her Imperial Highness Princess Tomohito of\nMikasa."}