{"id":16,"title":"Arboretum","guideName":"demo-guide","image":"arboretum.jpg","pageLinks":[],"metaData":{"index":["16"],"tag":["trail"]},"etag":"21cf88ef5e74f5a2848b79c2d2a15d05","text":"The newest part of the garden was officially opened on\n27 April 1977 when Parks Convener John McQueenie\nplanted a [Metasequoia glyptostroboides](/wiki.html?target=Metasequoia_glyptostroboides) (Dawn\nRedwood Tree). The curator saw this as an opportunity\nto establish a small but much needed arboretum.\n\nAn arboretum is a collection of trees which are grown\nfor display, educational or scientific purposes.\n\nThe arboretum contains examples of many trees\nintroduced by [David Douglas](/wiki.html?target=David_Douglas) (1799-1836). the\nfamous plant collector, who worked in the original\nGardens in the 1820's.\n\nHe played an important part in collecting and bringing\nvarious North American plants to Britain. He\nintroduced the [Douglas Fir](/wiki.html?target=Douglas-fir), originally the Oregon Pine\nuntil it was renamed after him.\n\n![Douglas Fir](../../media/images/douglas-fir.jpg)"}