{"id":20,"title":"Kelvin Walkway","guideName":"demo-guide","image":"kelvin-walkway.jpg","pageLinks":[],"metaData":{"index":["20"],"tag":["trail"]},"etag":"b9246677037338609d20c5f926d46d38","text":"The wooded banks and grassy slopes of the River\nKelvin have long been admired for their beauty and the\nidea of a walkway along the river's edge was discussed\nas long ago as 1890 and again in the 1950s.\n\nToday this walkway is a reality which offers very pleasant\nand picturesque surroundings. It links Kelvingrove Park\nwith the Botanic Gardens and now connects up with the\nWest Highland Way. It also fonns part of the Glasgow to\nMilngavie cycle route. One of the most popular sections\nof the walkway runs through the northern section of the\nBotanic Gardens."}