{"id": 200, "title": "Opening Times", "guideName": "demo-guide", "image": "kibble-roof.jpg", "pageLinks": [], "metaData": {
    "index": ["200"]
}, "etag": "ff9ededaeb028e9eb3840894fe4d770c",
    "text": "The Gardens are open from 7.00am till dusk daily however the specific\nfacilities within the park are subject to opening times.\n\n[Glasshouses:](map/map1?id=3) 10.00am – 6.00pm (4.15pm in winter)\n\n[Visitor Centre:](map/map1?id=1) 11.00am – 4.00pm\n\n[Toilets:](map/map1?id=50) 10.00am – dusk (this varies through the year)"}