{"id":21,"title":"Halfpenny Bridge House","guideName":"demo-guide","image":"halfpenny-bridge-house.jpg","pageLinks":[],"metaData":{"index":["21"],"tag":["trail"]},"etag":"a25e867120c439ef4943935854cfce2e","text":"This is a single-storey red brick building with pitched\nslate tiled roof. It was originally used as an old man's\nshelter but is now leased to the Friends of the River\nKelvin [FORK). This group of people who care\npassionately about the River and its wildlife set up the\nFriends group in 1991. Their aim is to heighten and\nextend public awareness and commitment to the care\nand maintenance of the Kelvin and its tributaries."}