{"id":29,"title":"Humpback Bridge (1908)","guideName":"demo-guide","image":"humpback-bridge.jpg","pageLinks":[],"metaData":{"index":["29"],"tag":["trail"]},"etag":"7b3fd68988965228a00aea6ad4a0c14c","text":"The 'B' Listed cast iron Humpback Bridge, which spans\nthe Kelvin from the Walkway to the north eastern corner\nof the Gardens was built in 1908 by Messrs Orr, Watt &\nCo ltd of Motherwell. It replaced a short lived 'rustic'\nbridge which was built in the 1890's.\n\nOnce you have crossed the Humpback Bridge ascend\nthe stairs which will take you back to the main gardens\nwhere you will find public toilets, baby changing\nfacilities and refreshments."}