{"id":401,"title":"Geranium macrorrhizum","guideName":"demo-guide","image":"geranium-macrorrhizum.jpg","pageLinks":[],"metaData":{"index":["401"]},"etag":"61995a083442dc4b55ec22fc6253abae","text":"It has five-lobed (palmate) leaves that are aromatic when crushed,\nwith pale pink flowers in summer. It is cultivated as an ornamental\nplant in temperate regions, where it is used as a flowering ground cover,\nwith named cultivars selected for flower colors from white through pink to magenta.\nThe cultivar ['Ingwersen's Variety' (pale pink)][1] has gained the Royal Horticultural\nSociety's Award of Garden Merit.\n\nThe plant is used for medical purposes in the traditional herbal medicine since it possesses\nhigh antimicrobial properties. Essential oil is prepared from it so it is also used in aromatherapy.\nIn Bulgaria an oil is extracted from this plant, the name of which in Bulgarian means 'the healthy one'.\nIn addition to essential oil, it contains flavonoids, sesquiterpenes, phenolic acids, pigments, vitamins,\nand mineral salts. A major component of essential oil is the sesquiterpene ketone germacrone.\n\n[1]: https://www.rhs.org.uk/plants/details?plantid=862"}