{"id":402,"title":"Lychnis chalcedonica","guideName":"demo-guide","image":"lychnis-chalcedonica.jpg","pageLinks":[],"metaData":{"index":["402"]},"etag":"ae9353d21ce58c8abde9a55622663fe3","text":"Lychnis chalcedonica is also known as\n_Burning Love, Dusky Salmon, Flower of Bristol, Jerusalem Cross, or Maltese Cross_\n\nGrowing 35–100 cm (14–39 in) tall with unbranched stems, it is an herbaceous perennial.\nThe leaves are produced in opposite pairs, simple broad [lanceolate][1], 2–12 cm (1–5 in)\nlong and 1-5 cm broad. The flowers are produced in clusters of 10-50 together;\neach flower is bright red, 1-3 cm in diameter, with a deeply five-lobed corolla,\neach lobe being further split into two smaller lobes. This forms a general shape similar to that of the Maltese cross\nto which it owes one of its common names. The fruit is a dry capsule containing numerous seeds.\n\n[1]: /wiki/Leaf_shape"}