{"id":7,"title":"Weeping Ash","guideName":"demo-guide","image":"weeping-ash-leaves.jpg","pageLinks":[],"metaData":{"index":["7"],"tag":["trail"]},"etag":"9d6302f2b0cb25ede6aacfc39cdb20ac","text":"The Weeping Ash tree (Fraxinus excelsior 'Pendula')\nadjacent to the Main Lawn is known to have been\ntransplanted from the Botanic Garden at Sandyford in\n1841. It had been given in 1818 by Robert Austin, a\nnurseryman, and one of the original directors.\n\nMore on Ash at [Wikipedia](/wiki.html?target=Fraxinus_excelsior)."}