{"id":80,"title":"Filmy Fern House","guideName":"demo-guide","image":"filmy-fern-house.jpg","pageLinks":[],"metaData":{"index":["80"],"tag":["trail"]},"etag":"780a7cd3a29c1341ca7d0f8bf220f973","text":"The fern house dates back over 100 years to late\nVictorian times and can be seen on the OS map of\n1895. Glasgow is considered to have one of the best\nfilmy fern houses in the country, which is due to the\npurity of Glasgow's water.\nA tour of the above facilities is available on request Ask\nat the Gardens office."}