{"id":81,"title":"Hopkirk Building","guideName":"demo-guide","image":"hopkirk-head.jpg","pageLinks":[],"metaData":{"index":["81"],"tag":["trail"]},"etag":"fcebc5cec71c345a99f7d502f932c7f1","text":"This building is dedicated to Thomas Hopkirk who was\none of the founders of the Botanic Gardens. Built on the\nsite of an old smaller potting shed, it has undergone a\nrefurbishment to turn it into a multi-functional space\nwhich is available for schools to carry out science\nstudies during visits to the Gardens.\n\n[Wikipedia Article on Thomas Hopkirk](/wiki/Thomas_Hopkirk)"}